<?xml version="1.0" encoding="UTF-8"?>
<metadata xml:lang="en"><Esri><CreaDate>20220701</CreaDate><CreaTime>12091100</CreaTime><ArcGISFormat>1.0</ArcGISFormat><SyncOnce>FALSE</SyncOnce><DataProperties><itemProps><itemName Sync="TRUE">usStates</itemName><imsContentType Sync="TRUE">002</imsContentType><itemSize Sync="TRUE">0.000</itemSize><itemLocation><linkage Sync="TRUE">file://\\DESKTOP-UR22BHU\C$\Users\saphy\Documents\T_Lane_School\3_2022Summer\Geog575_IntCartViz\d3-coordinated-viz\data\shapefiles\usStates.shp</linkage><protocol Sync="TRUE">Local Area Network</protocol></itemLocation></itemProps><coordRef><type Sync="TRUE">Geographic</type><geogcsn Sync="TRUE">GCS_WGS_1984</geogcsn><csUnits Sync="TRUE">Angular Unit: Degree (0.017453)</csUnits><peXml Sync="TRUE">&lt;GeographicCoordinateSystem xsi:type='typens:GeographicCoordinateSystem' xmlns:xsi='http://www.w3.org/2001/XMLSchema-instance' xmlns:xs='http://www.w3.org/2001/XMLSchema' xmlns:typens='http://www.esri.com/schemas/ArcGIS/2.9.0'&gt;&lt;WKT&gt;GEOGCS[&amp;quot;GCS_WGS_1984&amp;quot;,DATUM[&amp;quot;D_WGS_1984&amp;quot;,SPHEROID[&amp;quot;WGS_1984&amp;quot;,6378137.0,298.257223563]],PRIMEM[&amp;quot;Greenwich&amp;quot;,0.0],UNIT[&amp;quot;Degree&amp;quot;,0.0174532925199433],AUTHORITY[&amp;quot;EPSG&amp;quot;,4326]]&lt;/WKT&gt;&lt;XOrigin&gt;-400&lt;/XOrigin&gt;&lt;YOrigin&gt;-400&lt;/YOrigin&gt;&lt;XYScale&gt;11258999068426.238&lt;/XYScale&gt;&lt;ZOrigin&gt;-100000&lt;/ZOrigin&gt;&lt;ZScale&gt;10000&lt;/ZScale&gt;&lt;MOrigin&gt;-100000&lt;/MOrigin&gt;&lt;MScale&gt;10000&lt;/MScale&gt;&lt;XYTolerance&gt;8.983152841195215e-09&lt;/XYTolerance&gt;&lt;ZTolerance&gt;0.001&lt;/ZTolerance&gt;&lt;MTolerance&gt;0.001&lt;/MTolerance&gt;&lt;HighPrecision&gt;true&lt;/HighPrecision&gt;&lt;LeftLongitude&gt;-180&lt;/LeftLongitude&gt;&lt;WKID&gt;4326&lt;/WKID&gt;&lt;LatestWKID&gt;4326&lt;/LatestWKID&gt;&lt;/GeographicCoordinateSystem&gt;</peXml></coordRef><lineage><Process ToolSource="c:\program files\arcgis\pro\Resources\ArcToolbox\toolboxes\Conversion Tools.tbx\FeatureClassToFeatureClass" Date="20220701" Time="120911">FeatureClassToFeatureClass ne_10m_admin_1_states_provinces C:\Users\saphy\Documents\T_Lane_School\3_2022Summer\Geog575_IntCartViz\d3_lab_docs usStates.shp # "featurecla "featurecla" true true false 24 Text 0 0,First,#,ne_10m_admin_1_states_provinces,featurecla,0,24;scalerank "scalerank" true true false 2 Short 0 2,First,#,ne_10m_admin_1_states_provinces,scalerank,-1,-1;adm1_code "adm1_code" true true false 9 Text 0 0,First,#,ne_10m_admin_1_states_provinces,adm1_code,0,9;diss_me "diss_me" true true false 5 Long 0 5,First,#,ne_10m_admin_1_states_provinces,diss_me,-1,-1;iso_3166_2 "iso_3166_2" true true false 8 Text 0 0,First,#,ne_10m_admin_1_states_provinces,iso_3166_2,0,8;wikipedia "wikipedia" true true false 84 Text 0 0,First,#,ne_10m_admin_1_states_provinces,wikipedia,0,84;iso_a2 "iso_a2" true true false 2 Text 0 0,First,#,ne_10m_admin_1_states_provinces,iso_a2,0,2;adm0_sr "adm0_sr" true true false 1 Short 0 1,First,#,ne_10m_admin_1_states_provinces,adm0_sr,-1,-1;name "name" true true false 44 Text 0 0,First,#,ne_10m_admin_1_states_provinces,name,0,44;name_alt "name_alt" true true false 129 Text 0 0,First,#,ne_10m_admin_1_states_provinces,name_alt,0,129;name_local "name_local" true true false 66 Text 0 0,First,#,ne_10m_admin_1_states_provinces,name_local,0,66;type "type" true true false 38 Text 0 0,First,#,ne_10m_admin_1_states_provinces,type,0,38;type_en "type_en" true true false 27 Text 0 0,First,#,ne_10m_admin_1_states_provinces,type_en,0,27;code_local "code_local" true true false 5 Text 0 0,First,#,ne_10m_admin_1_states_provinces,code_local,0,5;code_hasc "code_hasc" true true false 8 Text 0 0,First,#,ne_10m_admin_1_states_provinces,code_hasc,0,8;note "note" true true false 114 Text 0 0,First,#,ne_10m_admin_1_states_provinces,note,0,114;hasc_maybe "hasc_maybe" true true false 13 Text 0 0,First,#,ne_10m_admin_1_states_provinces,hasc_maybe,0,13;region "region" true true false 43 Text 0 0,First,#,ne_10m_admin_1_states_provinces,region,0,43;region_cod "region_cod" true true false 15 Text 0 0,First,#,ne_10m_admin_1_states_provinces,region_cod,0,15;provnum_ne "provnum_ne" true true false 5 Long 0 5,First,#,ne_10m_admin_1_states_provinces,provnum_ne,-1,-1;gadm_level "gadm_level" true true false 2 Short 0 2,First,#,ne_10m_admin_1_states_provinces,gadm_level,-1,-1;check_me "check_me" true true false 2 Short 0 2,First,#,ne_10m_admin_1_states_provinces,check_me,-1,-1;datarank "datarank" true true false 2 Short 0 2,First,#,ne_10m_admin_1_states_provinces,datarank,-1,-1;abbrev "abbrev" true true false 9 Text 0 0,First,#,ne_10m_admin_1_states_provinces,abbrev,0,9;postal "postal" true true false 3 Text 0 0,First,#,ne_10m_admin_1_states_provinces,postal,0,3;area_sqkm "area_sqkm" true true false 1 Short 0 1,First,#,ne_10m_admin_1_states_provinces,area_sqkm,-1,-1;sameascity "sameascity" true true false 3 Short 0 3,First,#,ne_10m_admin_1_states_provinces,sameascity,-1,-1;labelrank "labelrank" true true false 2 Short 0 2,First,#,ne_10m_admin_1_states_provinces,labelrank,-1,-1;name_len "name_len" true true false 2 Short 0 2,First,#,ne_10m_admin_1_states_provinces,name_len,-1,-1;mapcolor9 "mapcolor9" true true false 1 Short 0 1,First,#,ne_10m_admin_1_states_provinces,mapcolor9,-1,-1;mapcolor13 "mapcolor13" true true false 2 Short 0 2,First,#,ne_10m_admin_1_states_provinces,mapcolor13,-1,-1;fips "fips" true true false 5 Text 0 0,First,#,ne_10m_admin_1_states_provinces,fips,0,5;fips_alt "fips_alt" true true false 9 Text 0 0,First,#,ne_10m_admin_1_states_provinces,fips_alt,0,9;woe_id "woe_id" true true false 9 Long 0 9,First,#,ne_10m_admin_1_states_provinces,woe_id,-1,-1;woe_label "woe_label" true true false 64 Text 0 0,First,#,ne_10m_admin_1_states_provinces,woe_label,0,64;woe_name "woe_name" true true false 44 Text 0 0,First,#,ne_10m_admin_1_states_provinces,woe_name,0,44;latitude "latitude" true true false 14 Double 10 13,First,#,ne_10m_admin_1_states_provinces,latitude,-1,-1;longitude "longitude" true true false 15 Double 10 14,First,#,ne_10m_admin_1_states_provinces,longitude,-1,-1;sov_a3 "sov_a3" true true false 3 Text 0 0,First,#,ne_10m_admin_1_states_provinces,sov_a3,0,3;adm0_a3 "adm0_a3" true true false 3 Text 0 0,First,#,ne_10m_admin_1_states_provinces,adm0_a3,0,3;adm0_label "adm0_label" true true false 2 Short 0 2,First,#,ne_10m_admin_1_states_provinces,adm0_label,-1,-1;admin "admin" true true false 36 Text 0 0,First,#,ne_10m_admin_1_states_provinces,admin,0,36;geonunit "geonunit" true true false 40 Text 0 0,First,#,ne_10m_admin_1_states_provinces,geonunit,0,40;gu_a3 "gu_a3" true true false 3 Text 0 0,First,#,ne_10m_admin_1_states_provinces,gu_a3,0,3;gn_id "gn_id" true true false 8 Long 0 8,First,#,ne_10m_admin_1_states_provinces,gn_id,-1,-1;gn_name "gn_name" true true false 72 Text 0 0,First,#,ne_10m_admin_1_states_provinces,gn_name,0,72;gns_id "gns_id" true true false 8 Long 0 8,First,#,ne_10m_admin_1_states_provinces,gns_id,-1,-1;gns_name "gns_name" true true false 80 Text 0 0,First,#,ne_10m_admin_1_states_provinces,gns_name,0,80;gn_level "gn_level" true true false 2 Short 0 2,First,#,ne_10m_admin_1_states_provinces,gn_level,-1,-1;gn_region "gn_region" true true false 1 Text 0 0,First,#,ne_10m_admin_1_states_provinces,gn_region,0,1;gn_a1_code "gn_a1_code" true true false 10 Text 0 0,First,#,ne_10m_admin_1_states_provinces,gn_a1_code,0,10;region_sub "region_sub" true true false 41 Text 0 0,First,#,ne_10m_admin_1_states_provinces,region_sub,0,41;sub_code "sub_code" true true false 5 Text 0 0,First,#,ne_10m_admin_1_states_provinces,sub_code,0,5;gns_level "gns_level" true true false 3 Short 0 3,First,#,ne_10m_admin_1_states_provinces,gns_level,-1,-1;gns_lang "gns_lang" true true false 3 Text 0 0,First,#,ne_10m_admin_1_states_provinces,gns_lang,0,3;gns_adm1 "gns_adm1" true true false 4 Text 0 0,First,#,ne_10m_admin_1_states_provinces,gns_adm1,0,4;gns_region "gns_region" true true false 4 Text 0 0,First,#,ne_10m_admin_1_states_provinces,gns_region,0,4;min_label "min_label" true true false 4 Float 1 3,First,#,ne_10m_admin_1_states_provinces,min_label,-1,-1;max_label "max_label" true true false 4 Float 1 3,First,#,ne_10m_admin_1_states_provinces,max_label,-1,-1;min_zoom "min_zoom" true true false 4 Float 1 3,First,#,ne_10m_admin_1_states_provinces,min_zoom,-1,-1;wikidataid "wikidataid" true true false 9 Text 0 0,First,#,ne_10m_admin_1_states_provinces,wikidataid,0,9;name_ar "name_ar" true true false 85 Text 0 0,First,#,ne_10m_admin_1_states_provinces,name_ar,0,85;name_bn "name_bn" true true false 134 Text 0 0,First,#,ne_10m_admin_1_states_provinces,name_bn,0,134;name_de "name_de" true true false 50 Text 0 0,First,#,ne_10m_admin_1_states_provinces,name_de,0,50;name_en "name_en" true true false 47 Text 0 0,First,#,ne_10m_admin_1_states_provinces,name_en,0,47;name_es "name_es" true true false 44 Text 0 0,First,#,ne_10m_admin_1_states_provinces,name_es,0,44;name_fr "name_fr" true true false 47 Text 0 0,First,#,ne_10m_admin_1_states_provinces,name_fr,0,47;name_el "name_el" true true false 85 Text 0 0,First,#,ne_10m_admin_1_states_provinces,name_el,0,85;name_hi "name_hi" true true false 134 Text 0 0,First,#,ne_10m_admin_1_states_provinces,name_hi,0,134;name_hu "name_hu" true true false 47 Text 0 0,First,#,ne_10m_admin_1_states_provinces,name_hu,0,47;name_id "name_id" true true false 46 Text 0 0,First,#,ne_10m_admin_1_states_provinces,name_id,0,46;name_it "name_it" true true false 47 Text 0 0,First,#,ne_10m_admin_1_states_provinces,name_it,0,47;name_ja "name_ja" true true false 96 Text 0 0,First,#,ne_10m_admin_1_states_provinces,name_ja,0,96;name_ko "name_ko" true true false 54 Text 0 0,First,#,ne_10m_admin_1_states_provinces,name_ko,0,54;name_nl "name_nl" true true false 46 Text 0 0,First,#,ne_10m_admin_1_states_provinces,name_nl,0,46;name_pl "name_pl" true true false 45 Text 0 0,First,#,ne_10m_admin_1_states_provinces,name_pl,0,45;name_pt "name_pt" true true false 43 Text 0 0,First,#,ne_10m_admin_1_states_provinces,name_pt,0,43;name_ru "name_ru" true true false 85 Text 0 0,First,#,ne_10m_admin_1_states_provinces,name_ru,0,85;name_sv "name_sv" true true false 41 Text 0 0,First,#,ne_10m_admin_1_states_provinces,name_sv,0,41;name_tr "name_tr" true true false 44 Text 0 0,First,#,ne_10m_admin_1_states_provinces,name_tr,0,44;name_vi "name_vi" true true false 71 Text 0 0,First,#,ne_10m_admin_1_states_provinces,name_vi,0,71;name_zh "name_zh" true true false 61 Text 0 0,First,#,ne_10m_admin_1_states_provinces,name_zh,0,61;ne_id "ne_id" true true false 10 Long 0 10,First,#,ne_10m_admin_1_states_provinces,ne_id,-1,-1;name_he "name_he" true true false 63 Text 0 0,First,#,ne_10m_admin_1_states_provinces,name_he,0,63;name_uk "name_uk" true true false 89 Text 0 0,First,#,ne_10m_admin_1_states_provinces,name_uk,0,89;name_ur "name_ur" true true false 103 Text 0 0,First,#,ne_10m_admin_1_states_provinces,name_ur,0,103;name_fa "name_fa" true true false 92 Text 0 0,First,#,ne_10m_admin_1_states_provinces,name_fa,0,92;name_zht "name_zht" true true false 61 Text 0 0,First,#,ne_10m_admin_1_states_provinces,name_zht,0,61;FCLASS_ISO "FCLASS_ISO" true true false 12 Text 0 0,First,#,ne_10m_admin_1_states_provinces,FCLASS_ISO,0,12;FCLASS_US "FCLASS_US" true true false 12 Text 0 0,First,#,ne_10m_admin_1_states_provinces,FCLASS_US,0,12;FCLASS_FR "FCLASS_FR" true true false 1 Text 0 0,First,#,ne_10m_admin_1_states_provinces,FCLASS_FR,0,1;FCLASS_RU "FCLASS_RU" true true false 12 Text 0 0,First,#,ne_10m_admin_1_states_provinces,FCLASS_RU,0,12;FCLASS_ES "FCLASS_ES" true true false 12 Text 0 0,First,#,ne_10m_admin_1_states_provinces,FCLASS_ES,0,12;FCLASS_CN "FCLASS_CN" true true false 18 Text 0 0,First,#,ne_10m_admin_1_states_provinces,FCLASS_CN,0,18;FCLASS_TW "FCLASS_TW" true true false 12 Text 0 0,First,#,ne_10m_admin_1_states_provinces,FCLASS_TW,0,12;FCLASS_IN "FCLASS_IN" true true false 12 Text 0 0,First,#,ne_10m_admin_1_states_provinces,FCLASS_IN,0,12;FCLASS_NP "FCLASS_NP" true true false 12 Text 0 0,First,#,ne_10m_admin_1_states_provinces,FCLASS_NP,0,12;FCLASS_PK "FCLASS_PK" true true false 12 Text 0 0,First,#,ne_10m_admin_1_states_provinces,FCLASS_PK,0,12;FCLASS_DE "FCLASS_DE" true true false 12 Text 0 0,First,#,ne_10m_admin_1_states_provinces,FCLASS_DE,0,12;FCLASS_GB "FCLASS_GB" true true false 12 Text 0 0,First,#,ne_10m_admin_1_states_provinces,FCLASS_GB,0,12;FCLASS_BR "FCLASS_BR" true true false 12 Text 0 0,First,#,ne_10m_admin_1_states_provinces,FCLASS_BR,0,12;FCLASS_IL "FCLASS_IL" true true false 12 Text 0 0,First,#,ne_10m_admin_1_states_provinces,FCLASS_IL,0,12;FCLASS_PS "FCLASS_PS" true true false 12 Text 0 0,First,#,ne_10m_admin_1_states_provinces,FCLASS_PS,0,12;FCLASS_SA "FCLASS_SA" true true false 12 Text 0 0,First,#,ne_10m_admin_1_states_provinces,FCLASS_SA,0,12;FCLASS_EG "FCLASS_EG" true true false 12 Text 0 0,First,#,ne_10m_admin_1_states_provinces,FCLASS_EG,0,12;FCLASS_MA "FCLASS_MA" true true false 1 Text 0 0,First,#,ne_10m_admin_1_states_provinces,FCLASS_MA,0,1;FCLASS_PT "FCLASS_PT" true true false 12 Text 0 0,First,#,ne_10m_admin_1_states_provinces,FCLASS_PT,0,12;FCLASS_AR "FCLASS_AR" true true false 12 Text 0 0,First,#,ne_10m_admin_1_states_provinces,FCLASS_AR,0,12;FCLASS_JP "FCLASS_JP" true true false 12 Text 0 0,First,#,ne_10m_admin_1_states_provinces,FCLASS_JP,0,12;FCLASS_KO "FCLASS_KO" true true false 12 Text 0 0,First,#,ne_10m_admin_1_states_provinces,FCLASS_KO,0,12;FCLASS_VN "FCLASS_VN" true true false 12 Text 0 0,First,#,ne_10m_admin_1_states_provinces,FCLASS_VN,0,12;FCLASS_TR "FCLASS_TR" true true false 1 Text 0 0,First,#,ne_10m_admin_1_states_provinces,FCLASS_TR,0,1;FCLASS_ID "FCLASS_ID" true true false 12 Text 0 0,First,#,ne_10m_admin_1_states_provinces,FCLASS_ID,0,12;FCLASS_PL "FCLASS_PL" true true false 1 Text 0 0,First,#,ne_10m_admin_1_states_provinces,FCLASS_PL,0,1;FCLASS_GR "FCLASS_GR" true true false 12 Text 0 0,First,#,ne_10m_admin_1_states_provinces,FCLASS_GR,0,12;FCLASS_IT "FCLASS_IT" true true false 12 Text 0 0,First,#,ne_10m_admin_1_states_provinces,FCLASS_IT,0,12;FCLASS_NL "FCLASS_NL" true true false 1 Text 0 0,First,#,ne_10m_admin_1_states_provinces,FCLASS_NL,0,1;FCLASS_SE "FCLASS_SE" true true false 12 Text 0 0,First,#,ne_10m_admin_1_states_provinces,FCLASS_SE,0,12;FCLASS_BD "FCLASS_BD" true true false 12 Text 0 0,First,#,ne_10m_admin_1_states_provinces,FCLASS_BD,0,12;FCLASS_UA "FCLASS_UA" true true false 12 Text 0 0,First,#,ne_10m_admin_1_states_provinces,FCLASS_UA,0,12;FCLASS_TLC "FCLASS_TLC" true true false 12 Text 0 0,First,#,ne_10m_admin_1_states_provinces,FCLASS_TLC,0,12" #</Process><Process ToolSource="c:\program files\arcgis\pro\Resources\ArcToolbox\toolboxes\Data Management Tools.tbx\UpdateSchema" Date="20220701" Time="121044">UpdateSchema "CIMDATA=&lt;CIMStandardDataConnection xsi:type='typens:CIMStandardDataConnection' xmlns:xsi='http://www.w3.org/2001/XMLSchema-instance' xmlns:xs='http://www.w3.org/2001/XMLSchema' xmlns:typens='http://www.esri.com/schemas/ArcGIS/2.9.0'&gt;&lt;WorkspaceConnectionString&gt;DATABASE=C:\Users\saphy\Documents\T_Lane_School\3_2022Summer\Geog575_IntCartViz\d3_lab_docs&lt;/WorkspaceConnectionString&gt;&lt;WorkspaceFactory&gt;Shapefile&lt;/WorkspaceFactory&gt;&lt;Dataset&gt;usStates&lt;/Dataset&gt;&lt;DatasetType&gt;esriDTFeatureClass&lt;/DatasetType&gt;&lt;/CIMStandardDataConnection&gt;" &lt;operationSequence&gt;&lt;workflow&gt;&lt;DeleteField&gt;&lt;field_name&gt;name_ar&lt;/field_name&gt;&lt;field_name&gt;name_bn&lt;/field_name&gt;&lt;field_name&gt;name_de&lt;/field_name&gt;&lt;field_name&gt;name_en&lt;/field_name&gt;&lt;field_name&gt;name_es&lt;/field_name&gt;&lt;field_name&gt;name_fr&lt;/field_name&gt;&lt;field_name&gt;name_el&lt;/field_name&gt;&lt;field_name&gt;name_hi&lt;/field_name&gt;&lt;field_name&gt;name_hu&lt;/field_name&gt;&lt;field_name&gt;name_id&lt;/field_name&gt;&lt;field_name&gt;name_it&lt;/field_name&gt;&lt;field_name&gt;name_ja&lt;/field_name&gt;&lt;field_name&gt;name_ko&lt;/field_name&gt;&lt;field_name&gt;name_nl&lt;/field_name&gt;&lt;field_name&gt;name_pl&lt;/field_name&gt;&lt;field_name&gt;name_pt&lt;/field_name&gt;&lt;field_name&gt;name_ru&lt;/field_name&gt;&lt;field_name&gt;name_sv&lt;/field_name&gt;&lt;field_name&gt;name_tr&lt;/field_name&gt;&lt;field_name&gt;name_vi&lt;/field_name&gt;&lt;field_name&gt;name_zh&lt;/field_name&gt;&lt;field_name&gt;ne_id&lt;/field_name&gt;&lt;field_name&gt;name_he&lt;/field_name&gt;&lt;field_name&gt;name_uk&lt;/field_name&gt;&lt;field_name&gt;name_ur&lt;/field_name&gt;&lt;field_name&gt;name_fa&lt;/field_name&gt;&lt;field_name&gt;name_zht&lt;/field_name&gt;&lt;field_name&gt;FCLASS_ISO&lt;/field_name&gt;&lt;field_name&gt;FCLASS_US&lt;/field_name&gt;&lt;field_name&gt;FCLASS_FR&lt;/field_name&gt;&lt;field_name&gt;FCLASS_RU&lt;/field_name&gt;&lt;field_name&gt;FCLASS_ES&lt;/field_name&gt;&lt;field_name&gt;FCLASS_CN&lt;/field_name&gt;&lt;field_name&gt;FCLASS_TW&lt;/field_name&gt;&lt;field_name&gt;FCLASS_IN&lt;/field_name&gt;&lt;field_name&gt;FCLASS_NP&lt;/field_name&gt;&lt;field_name&gt;FCLASS_PK&lt;/field_name&gt;&lt;field_name&gt;FCLASS_DE&lt;/field_name&gt;&lt;field_name&gt;FCLASS_GB&lt;/field_name&gt;&lt;field_name&gt;FCLASS_BR&lt;/field_name&gt;&lt;field_name&gt;FCLASS_IL&lt;/field_name&gt;&lt;field_name&gt;FCLASS_PS&lt;/field_name&gt;&lt;field_name&gt;FCLASS_SA&lt;/field_name&gt;&lt;field_name&gt;FCLASS_EG&lt;/field_name&gt;&lt;field_name&gt;FCLASS_MA&lt;/field_name&gt;&lt;field_name&gt;FCLASS_PT&lt;/field_name&gt;&lt;field_name&gt;FCLASS_AR&lt;/field_name&gt;&lt;field_name&gt;FCLASS_JP&lt;/field_name&gt;&lt;field_name&gt;FCLASS_KO&lt;/field_name&gt;&lt;field_name&gt;FCLASS_VN&lt;/field_name&gt;&lt;field_name&gt;FCLASS_TR&lt;/field_name&gt;&lt;field_name&gt;FCLASS_ID&lt;/field_name&gt;&lt;field_name&gt;FCLASS_PL&lt;/field_name&gt;&lt;field_name&gt;FCLASS_GR&lt;/field_name&gt;&lt;field_name&gt;FCLASS_IT&lt;/field_name&gt;&lt;field_name&gt;FCLASS_NL&lt;/field_name&gt;&lt;field_name&gt;FCLASS_SE&lt;/field_name&gt;&lt;field_name&gt;FCLASS_BD&lt;/field_name&gt;&lt;field_name&gt;FCLASS_UA&lt;/field_name&gt;&lt;field_name&gt;FCLASS_TLC&lt;/field_name&gt;&lt;/DeleteField&gt;&lt;/workflow&gt;&lt;/operationSequence&gt;</Process><Process ToolSource="c:\program files\arcgis\pro\Resources\ArcToolbox\toolboxes\Data Management Tools.tbx\UpdateSchema" Date="20220701" Time="121241">UpdateSchema "CIMDATA=&lt;CIMStandardDataConnection xsi:type='typens:CIMStandardDataConnection' xmlns:xsi='http://www.w3.org/2001/XMLSchema-instance' xmlns:xs='http://www.w3.org/2001/XMLSchema' xmlns:typens='http://www.esri.com/schemas/ArcGIS/2.9.0'&gt;&lt;WorkspaceConnectionString&gt;DATABASE=C:\Users\saphy\Documents\T_Lane_School\3_2022Summer\Geog575_IntCartViz\d3_lab_docs&lt;/WorkspaceConnectionString&gt;&lt;WorkspaceFactory&gt;Shapefile&lt;/WorkspaceFactory&gt;&lt;Dataset&gt;usStates&lt;/Dataset&gt;&lt;DatasetType&gt;esriDTFeatureClass&lt;/DatasetType&gt;&lt;/CIMStandardDataConnection&gt;" &lt;operationSequence&gt;&lt;workflow&gt;&lt;DeleteField&gt;&lt;field_name&gt;featurecla&lt;/field_name&gt;&lt;field_name&gt;scalerank&lt;/field_name&gt;&lt;field_name&gt;adm1_code&lt;/field_name&gt;&lt;field_name&gt;diss_me&lt;/field_name&gt;&lt;field_name&gt;iso_3166_2&lt;/field_name&gt;&lt;field_name&gt;wikipedia&lt;/field_name&gt;&lt;field_name&gt;iso_a2&lt;/field_name&gt;&lt;field_name&gt;adm0_sr&lt;/field_name&gt;&lt;/DeleteField&gt;&lt;/workflow&gt;&lt;/operationSequence&gt;</Process><Process ToolSource="c:\program files\arcgis\pro\Resources\ArcToolbox\toolboxes\Data Management Tools.tbx\UpdateSchema" Date="20220701" Time="121547">UpdateSchema "CIMDATA=&lt;CIMStandardDataConnection xsi:type='typens:CIMStandardDataConnection' xmlns:xsi='http://www.w3.org/2001/XMLSchema-instance' xmlns:xs='http://www.w3.org/2001/XMLSchema' xmlns:typens='http://www.esri.com/schemas/ArcGIS/2.9.0'&gt;&lt;WorkspaceConnectionString&gt;DATABASE=C:\Users\saphy\Documents\T_Lane_School\3_2022Summer\Geog575_IntCartViz\d3_lab_docs&lt;/WorkspaceConnectionString&gt;&lt;WorkspaceFactory&gt;Shapefile&lt;/WorkspaceFactory&gt;&lt;Dataset&gt;usStates&lt;/Dataset&gt;&lt;DatasetType&gt;esriDTFeatureClass&lt;/DatasetType&gt;&lt;/CIMStandardDataConnection&gt;" &lt;operationSequence&gt;&lt;workflow&gt;&lt;DeleteField&gt;&lt;field_name&gt;name_alt&lt;/field_name&gt;&lt;field_name&gt;name_local&lt;/field_name&gt;&lt;field_name&gt;type_en&lt;/field_name&gt;&lt;field_name&gt;code_local&lt;/field_name&gt;&lt;field_name&gt;code_hasc&lt;/field_name&gt;&lt;field_name&gt;note&lt;/field_name&gt;&lt;field_name&gt;hasc_maybe&lt;/field_name&gt;&lt;field_name&gt;region_cod&lt;/field_name&gt;&lt;field_name&gt;provnum_ne&lt;/field_name&gt;&lt;field_name&gt;gadm_level&lt;/field_name&gt;&lt;field_name&gt;check_me&lt;/field_name&gt;&lt;field_name&gt;datarank&lt;/field_name&gt;&lt;field_name&gt;abbrev&lt;/field_name&gt;&lt;field_name&gt;sameascity&lt;/field_name&gt;&lt;field_name&gt;labelrank&lt;/field_name&gt;&lt;field_name&gt;name_len&lt;/field_name&gt;&lt;field_name&gt;mapcolor9&lt;/field_name&gt;&lt;field_name&gt;mapcolor13&lt;/field_name&gt;&lt;field_name&gt;fips_alt&lt;/field_name&gt;&lt;field_name&gt;woe_id&lt;/field_name&gt;&lt;field_name&gt;woe_name&lt;/field_name&gt;&lt;field_name&gt;sov_a3&lt;/field_name&gt;&lt;field_name&gt;adm0_a3&lt;/field_name&gt;&lt;field_name&gt;adm0_label&lt;/field_name&gt;&lt;field_name&gt;admin&lt;/field_name&gt;&lt;field_name&gt;geonunit&lt;/field_name&gt;&lt;field_name&gt;gu_a3&lt;/field_name&gt;&lt;field_name&gt;gn_id&lt;/field_name&gt;&lt;field_name&gt;gn_name&lt;/field_name&gt;&lt;field_name&gt;gns_id&lt;/field_name&gt;&lt;field_name&gt;gns_name&lt;/field_name&gt;&lt;field_name&gt;gn_level&lt;/field_name&gt;&lt;field_name&gt;gn_region&lt;/field_name&gt;&lt;field_name&gt;gn_a1_code&lt;/field_name&gt;&lt;field_name&gt;sub_code&lt;/field_name&gt;&lt;field_name&gt;gns_level&lt;/field_name&gt;&lt;field_name&gt;gns_lang&lt;/field_name&gt;&lt;field_name&gt;gns_adm1&lt;/field_name&gt;&lt;field_name&gt;gns_region&lt;/field_name&gt;&lt;field_name&gt;min_label&lt;/field_name&gt;&lt;field_name&gt;max_label&lt;/field_name&gt;&lt;field_name&gt;min_zoom&lt;/field_name&gt;&lt;field_name&gt;wikidataid&lt;/field_name&gt;&lt;/DeleteField&gt;&lt;/workflow&gt;&lt;/operationSequence&gt;</Process><Process ToolSource="c:\program files\arcgis\pro\Resources\ArcToolbox\toolboxes\Data Management Tools.tbx\UpdateSchema" Date="20220701" Time="121741">UpdateSchema "CIMDATA=&lt;CIMStandardDataConnection xsi:type='typens:CIMStandardDataConnection' xmlns:xsi='http://www.w3.org/2001/XMLSchema-instance' xmlns:xs='http://www.w3.org/2001/XMLSchema' xmlns:typens='http://www.esri.com/schemas/ArcGIS/2.9.0'&gt;&lt;WorkspaceConnectionString&gt;DATABASE=C:\Users\saphy\Documents\T_Lane_School\3_2022Summer\Geog575_IntCartViz\d3_lab_docs&lt;/WorkspaceConnectionString&gt;&lt;WorkspaceFactory&gt;Shapefile&lt;/WorkspaceFactory&gt;&lt;Dataset&gt;usStates&lt;/Dataset&gt;&lt;DatasetType&gt;esriDTFeatureClass&lt;/DatasetType&gt;&lt;/CIMStandardDataConnection&gt;" &lt;operationSequence&gt;&lt;workflow&gt;&lt;DeleteField&gt;&lt;field_name&gt;woe_label&lt;/field_name&gt;&lt;/DeleteField&gt;&lt;/workflow&gt;&lt;/operationSequence&gt;</Process><Process ToolSource="c:\program files\arcgis\pro\Resources\ArcToolbox\toolboxes\Data Management Tools.tbx\UpdateSchema" Date="20220701" Time="122136">UpdateSchema "CIMDATA=&lt;CIMStandardDataConnection xsi:type='typens:CIMStandardDataConnection' xmlns:xsi='http://www.w3.org/2001/XMLSchema-instance' xmlns:xs='http://www.w3.org/2001/XMLSchema' xmlns:typens='http://www.esri.com/schemas/ArcGIS/2.9.0'&gt;&lt;WorkspaceConnectionString&gt;DATABASE=C:\Users\saphy\Documents\T_Lane_School\3_2022Summer\Geog575_IntCartViz\d3_lab_docs&lt;/WorkspaceConnectionString&gt;&lt;WorkspaceFactory&gt;Shapefile&lt;/WorkspaceFactory&gt;&lt;Dataset&gt;usStates&lt;/Dataset&gt;&lt;DatasetType&gt;esriDTFeatureClass&lt;/DatasetType&gt;&lt;/CIMStandardDataConnection&gt;" &lt;operationSequence&gt;&lt;workflow&gt;&lt;DeleteField&gt;&lt;field_name&gt;area_sqkm&lt;/field_name&gt;&lt;/DeleteField&gt;&lt;/workflow&gt;&lt;/operationSequence&gt;</Process><Process ToolSource="c:\program files\arcgis\pro\Resources\ArcToolbox\toolboxes\Data Management Tools.tbx\AddFields" Date="20220701" Time="122145">AddFields usStates "area_sqkm DOUBLE # # # #"</Process><Process ToolSource="c:\program files\arcgis\pro\Resources\ArcToolbox\toolboxes\Data Management Tools.tbx\CalculateGeometryAttributes" Date="20220701" Time="122146">CalculateGeometryAttributes usStates "area_sqkm AREA_GEODESIC" # "Square kilometers" # "Same as input"</Process><Process ToolSource="c:\program files\arcgis\pro\Resources\ArcToolbox\toolboxes\Conversion Tools.tbx\FeatureClassToFeatureClass" Date="20220701" Time="154235">FeatureClassToFeatureClass usStates C:\Users\saphy\Documents\T_Lane_School\3_2022Summer\Geog575_IntCartViz\d3-coordinated-viz\data\shapefiles usStates.shp # "postal "postal" true true false 3 Text 0 0,First,#,usStates,postal,0,3" #</Process></lineage></DataProperties><SyncDate>20220701</SyncDate><SyncTime>15423500</SyncTime><ModDate>20220701</ModDate><ModTime>15423500</ModTime></Esri><dataIdInfo><envirDesc Sync="TRUE">Microsoft Windows 10 Version 10.0 (Build 19043) ; Esri ArcGIS 12.9.0.32739</envirDesc><dataLang><languageCode value="eng" Sync="TRUE"></languageCode><countryCode value="USA" Sync="TRUE"></countryCode></dataLang><idCitation><resTitle Sync="TRUE">usStates</resTitle><presForm><PresFormCd value="005" Sync="TRUE"></PresFormCd></presForm></idCitation><spatRpType><SpatRepTypCd value="001" Sync="TRUE"></SpatRepTypCd></spatRpType></dataIdInfo><mdLang><languageCode value="eng" Sync="TRUE"></languageCode><countryCode value="USA" Sync="TRUE"></countryCode></mdLang><mdChar><CharSetCd value="004" Sync="TRUE"></CharSetCd></mdChar><distInfo><distFormat><formatName Sync="TRUE">Shapefile</formatName></distFormat><distTranOps><transSize Sync="TRUE">0.000</transSize></distTranOps></distInfo><mdHrLv><ScopeCd value="005" Sync="TRUE"></ScopeCd></mdHrLv><mdHrLvName Sync="TRUE">dataset</mdHrLvName><refSysInfo><RefSystem><refSysID><identCode code="4326" Sync="TRUE"></identCode><idCodeSpace Sync="TRUE">EPSG</idCodeSpace><idVersion Sync="TRUE">6.2(3.0.1)</idVersion></refSysID></RefSystem></refSysInfo><spatRepInfo><VectSpatRep><geometObjs Name="usStates"><geoObjTyp><GeoObjTypCd value="002" Sync="TRUE"></GeoObjTypCd></geoObjTyp><geoObjCnt Sync="TRUE">0</geoObjCnt></geometObjs><topLvl><TopoLevCd value="001" Sync="TRUE"></TopoLevCd></topLvl></VectSpatRep></spatRepInfo><spdoinfo><ptvctinf><esriterm Name="usStates"><efeatyp Sync="TRUE">Simple</efeatyp><efeageom code="4" Sync="TRUE"></efeageom><esritopo Sync="TRUE">FALSE</esritopo><efeacnt Sync="TRUE">0</efeacnt><spindex Sync="TRUE">FALSE</spindex><linrefer Sync="TRUE">FALSE</linrefer></esriterm></ptvctinf></spdoinfo><eainfo><detailed Name="usStates"><enttyp><enttypl Sync="TRUE">usStates</enttypl><enttypt Sync="TRUE">Feature Class</enttypt><enttypc Sync="TRUE">0</enttypc></enttyp><attr><attrlabl Sync="TRUE">FID</attrlabl><attalias Sync="TRUE">FID</attalias><attrtype Sync="TRUE">OID</attrtype><attwidth Sync="TRUE">4</attwidth><atprecis Sync="TRUE">0</atprecis><attscale Sync="TRUE">0</attscale><attrdef Sync="TRUE">Internal feature number.</attrdef><attrdefs Sync="TRUE">Esri</attrdefs><attrdomv><udom Sync="TRUE">Sequential unique whole numbers that are automatically generated.</udom></attrdomv></attr><attr><attrlabl Sync="TRUE">Shape</attrlabl><attalias Sync="TRUE">Shape</attalias><attrtype Sync="TRUE">Geometry</attrtype><attwidth Sync="TRUE">0</attwidth><atprecis Sync="TRUE">0</atprecis><attscale Sync="TRUE">0</attscale><attrdef Sync="TRUE">Feature geometry.</attrdef><attrdefs Sync="TRUE">Esri</attrdefs><attrdomv><udom Sync="TRUE">Coordinates defining the features.</udom></attrdomv></attr><attr><attrlabl Sync="TRUE">postal</attrlabl><attalias Sync="TRUE">postal</attalias><attrtype Sync="TRUE">String</attrtype><attwidth Sync="TRUE">3</attwidth><atprecis Sync="TRUE">0</atprecis><attscale Sync="TRUE">0</attscale></attr></detailed></eainfo><mdDateSt Sync="TRUE">20220701</mdDateSt></metadata>
